date,problem,algorytm,struktura,wierzcholki,gestosc,iteracja,czas_us
2026-06-25 17:04:52,mf,ford-fulkerson,lista,100,25,1,1151
2026-06-25 17:04:52,mf,ford-fulkerson,lista,100,25,2,1069
2026-06-25 17:04:52,mf,ford-fulkerson,lista,100,25,3,1189
2026-06-25 17:04:52,mf,ford-fulkerson,lista,100,25,4,1172
2026-06-25 17:04:52,mf,ford-fulkerson,lista,100,25,5,1038
2026-06-25 17:04:52,mf,ford-fulkerson,lista,100,25,6,974
2026-06-25 17:04:52,mf,ford-fulkerson,lista,100,25,7,1181
2026-06-25 17:04:52,mf,ford-fulkerson,lista,100,25,8,1981
2026-06-25 17:04:52,mf,ford-fulkerson,lista,100,25,9,1283
2026-06-25 17:04:52,mf,ford-fulkerson,lista,100,25,10,1401
2026-06-25 17:04:52,mf,ford-fulkerson,lista,100,25,11,1445
2026-06-25 17:04:52,mf,ford-fulkerson,lista,100,25,12,783
2026-06-25 17:04:52,mf,ford-fulkerson,lista,100,25,13,1573
2026-06-25 17:04:52,mf,ford-fulkerson,lista,100,25,14,830
2026-06-25 17:04:52,mf,ford-fulkerson,lista,100,25,15,824
2026-06-25 17:04:52,mf,ford-fulkerson,lista,100,25,16,1271
2026-06-25 17:04:52,mf,ford-fulkerson,lista,100,25,17,1505
2026-06-25 17:04:52,mf,ford-fulkerson,lista,100,25,18,1958
2026-06-25 17:04:52,mf,ford-fulkerson,lista,100,25,19,1668
2026-06-25 17:04:52,mf,ford-fulkerson,lista,100,25,20,1427
2026-06-25 17:04:52,mf,ford-fulkerson,lista,100,25,21,1671
2026-06-25 17:04:52,mf,ford-fulkerson,lista,100,25,22,2652
2026-06-25 17:04:52,mf,ford-fulkerson,lista,100,25,23,1716
2026-06-25 17:04:52,mf,ford-fulkerson,lista,100,25,24,1654
2026-06-25 17:04:52,mf,ford-fulkerson,lista,100,25,25,1157
2026-06-25 17:04:52,mf,ford-fulkerson,lista,100,25,26,963
2026-06-25 17:04:52,mf,ford-fulkerson,lista,100,25,27,1174
2026-06-25 17:04:52,mf,ford-fulkerson,lista,100,25,28,1203
2026-06-25 17:04:52,mf,ford-fulkerson,lista,100,25,29,1048
2026-06-25 17:04:52,mf,ford-fulkerson,lista,100,25,30,3241
2026-06-25 17:04:52,mf,ford-fulkerson,lista,100,25,31,1616
2026-06-25 17:04:52,mf,ford-fulkerson,lista,100,25,32,1810
2026-06-25 17:04:52,mf,ford-fulkerson,lista,100,25,33,1622
2026-06-25 17:04:52,mf,ford-fulkerson,lista,100,25,34,1585
2026-06-25 17:04:52,mf,ford-fulkerson,lista,100,25,35,2850
2026-06-25 17:04:52,mf,ford-fulkerson,lista,100,25,36,2872
2026-06-25 17:04:52,mf,ford-fulkerson,lista,100,25,37,1491
2026-06-25 17:04:52,mf,ford-fulkerson,lista,100,25,38,1042
2026-06-25 17:04:52,mf,ford-fulkerson,lista,100,25,39,2846
2026-06-25 17:04:52,mf,ford-fulkerson,lista,100,25,40,1073
2026-06-25 17:04:52,mf,ford-fulkerson,lista,100,25,41,2650
2026-06-25 17:04:52,mf,ford-fulkerson,lista,100,25,42,1743
2026-06-25 17:04:52,mf,ford-fulkerson,lista,100,25,43,1475
2026-06-25 17:04:52,mf,ford-fulkerson,lista,100,25,44,2012
2026-06-25 17:04:52,mf,ford-fulkerson,lista,100,25,45,624
2026-06-25 17:04:52,mf,ford-fulkerson,lista,100,25,46,1171
2026-06-25 17:04:52,mf,ford-fulkerson,lista,100,25,47,1548
2026-06-25 17:04:52,mf,ford-fulkerson,lista,100,25,48,1308
2026-06-25 17:04:52,mf,ford-fulkerson,lista,100,25,49,1923
2026-06-25 17:04:52,mf,ford-fulkerson,lista,100,25,50,1217
2026-06-25 17:04:52,mf,ford-fulkerson,lista,100,25,51,1317
2026-06-25 17:04:52,mf,ford-fulkerson,lista,100,25,52,1816
2026-06-25 17:04:52,mf,ford-fulkerson,lista,100,25,53,1261
2026-06-25 17:04:52,mf,ford-fulkerson,lista,100,25,54,997
2026-06-25 17:04:52,mf,ford-fulkerson,lista,100,25,55,1772
2026-06-25 17:04:52,mf,ford-fulkerson,lista,100,25,56,1501
2026-06-25 17:04:52,mf,ford-fulkerson,lista,100,25,57,1335
2026-06-25 17:04:52,mf,ford-fulkerson,lista,100,25,58,2640
2026-06-25 17:04:52,mf,ford-fulkerson,lista,100,25,59,3562
2026-06-25 17:04:52,mf,ford-fulkerson,lista,100,25,60,1479
2026-06-25 17:04:52,mf,ford-fulkerson,lista,100,25,61,666
2026-06-25 17:04:52,mf,ford-fulkerson,lista,100,25,62,1944
2026-06-25 17:04:52,mf,ford-fulkerson,lista,100,25,63,880
2026-06-25 17:04:52,mf,ford-fulkerson,lista,100,25,64,1481
2026-06-25 17:04:52,mf,ford-fulkerson,lista,100,25,65,1351
2026-06-25 17:04:52,mf,ford-fulkerson,lista,100,25,66,2429
2026-06-25 17:04:52,mf,ford-fulkerson,lista,100,25,67,811
2026-06-25 17:04:52,mf,ford-fulkerson,lista,100,25,avg,1551
2026-06-25 17:04:52,mf,ford-fulkerson,lista,100,25,min,624
2026-06-25 17:04:52,mf,ford-fulkerson,lista,100,25,max,3562
2026-06-25 17:04:52,mf,ford-fulkerson,macierz,100,25,1,2934
2026-06-25 17:04:52,mf,ford-fulkerson,macierz,100,25,2,2386
2026-06-25 17:04:52,mf,ford-fulkerson,macierz,100,25,3,2537
2026-06-25 17:04:52,mf,ford-fulkerson,macierz,100,25,4,2969
2026-06-25 17:04:52,mf,ford-fulkerson,macierz,100,25,5,2508
2026-06-25 17:04:52,mf,ford-fulkerson,macierz,100,25,6,2807
2026-06-25 17:04:52,mf,ford-fulkerson,macierz,100,25,7,3096
2026-06-25 17:04:52,mf,ford-fulkerson,macierz,100,25,8,2762
2026-06-25 17:04:52,mf,ford-fulkerson,macierz,100,25,9,2906
2026-06-25 17:04:52,mf,ford-fulkerson,macierz,100,25,10,2994
2026-06-25 17:04:52,mf,ford-fulkerson,macierz,100,25,11,2871
2026-06-25 17:04:52,mf,ford-fulkerson,macierz,100,25,12,2343
2026-06-25 17:04:52,mf,ford-fulkerson,macierz,100,25,13,4023
2026-06-25 17:04:52,mf,ford-fulkerson,macierz,100,25,14,2275
2026-06-25 17:04:52,mf,ford-fulkerson,macierz,100,25,15,2834
2026-06-25 17:04:52,mf,ford-fulkerson,macierz,100,25,16,5683
2026-06-25 17:04:52,mf,ford-fulkerson,macierz,100,25,17,3118
2026-06-25 17:04:52,mf,ford-fulkerson,macierz,100,25,18,5187
2026-06-25 17:04:52,mf,ford-fulkerson,macierz,100,25,19,4947
2026-06-25 17:04:52,mf,ford-fulkerson,macierz,100,25,20,4669
2026-06-25 17:04:52,mf,ford-fulkerson,macierz,100,25,21,3035
2026-06-25 17:04:52,mf,ford-fulkerson,macierz,100,25,22,5254
2026-06-25 17:04:52,mf,ford-fulkerson,macierz,100,25,23,3388
2026-06-25 17:04:52,mf,ford-fulkerson,macierz,100,25,24,11298
2026-06-25 17:04:52,mf,ford-fulkerson,macierz,100,25,25,3238
2026-06-25 17:04:52,mf,ford-fulkerson,macierz,100,25,26,3131
2026-06-25 17:04:52,mf,ford-fulkerson,macierz,100,25,27,2739
2026-06-25 17:04:52,mf,ford-fulkerson,macierz,100,25,28,3668
2026-06-25 17:04:52,mf,ford-fulkerson,macierz,100,25,29,2573
2026-06-25 17:04:52,mf,ford-fulkerson,macierz,100,25,30,3558
2026-06-25 17:04:52,mf,ford-fulkerson,macierz,100,25,31,3325
2026-06-25 17:04:52,mf,ford-fulkerson,macierz,100,25,32,3516
2026-06-25 17:04:52,mf,ford-fulkerson,macierz,100,25,33,3376
2026-06-25 17:04:52,mf,ford-fulkerson,macierz,100,25,34,12427
2026-06-25 17:04:52,mf,ford-fulkerson,macierz,100,25,35,8526
2026-06-25 17:04:52,mf,ford-fulkerson,macierz,100,25,36,8141
2026-06-25 17:04:52,mf,ford-fulkerson,macierz,100,25,37,2980
2026-06-25 17:04:52,mf,ford-fulkerson,macierz,100,25,38,6392
2026-06-25 17:04:52,mf,ford-fulkerson,macierz,100,25,39,4724
2026-06-25 17:04:52,mf,ford-fulkerson,macierz,100,25,40,3868
2026-06-25 17:04:52,mf,ford-fulkerson,macierz,100,25,41,3299
2026-06-25 17:04:52,mf,ford-fulkerson,macierz,100,25,42,4272
2026-06-25 17:04:52,mf,ford-fulkerson,macierz,100,25,43,5509
2026-06-25 17:04:52,mf,ford-fulkerson,macierz,100,25,44,7637
2026-06-25 17:04:52,mf,ford-fulkerson,macierz,100,25,45,2533
2026-06-25 17:04:52,mf,ford-fulkerson,macierz,100,25,46,4752
2026-06-25 17:04:52,mf,ford-fulkerson,macierz,100,25,47,3093
2026-06-25 17:04:52,mf,ford-fulkerson,macierz,100,25,48,4676
2026-06-25 17:04:52,mf,ford-fulkerson,macierz,100,25,49,3380
2026-06-25 17:04:52,mf,ford-fulkerson,macierz,100,25,50,2921
2026-06-25 17:04:52,mf,ford-fulkerson,macierz,100,25,51,5058
2026-06-25 17:04:52,mf,ford-fulkerson,macierz,100,25,52,9319
2026-06-25 17:04:52,mf,ford-fulkerson,macierz,100,25,53,6111
2026-06-25 17:04:52,mf,ford-fulkerson,macierz,100,25,54,3974
2026-06-25 17:04:52,mf,ford-fulkerson,macierz,100,25,55,5221
2026-06-25 17:04:52,mf,ford-fulkerson,macierz,100,25,56,10501
2026-06-25 17:04:52,mf,ford-fulkerson,macierz,100,25,57,3562
2026-06-25 17:04:52,mf,ford-fulkerson,macierz,100,25,58,3562
2026-06-25 17:04:52,mf,ford-fulkerson,macierz,100,25,59,8197
2026-06-25 17:04:52,mf,ford-fulkerson,macierz,100,25,60,6793
2026-06-25 17:04:52,mf,ford-fulkerson,macierz,100,25,61,5438
2026-06-25 17:04:52,mf,ford-fulkerson,macierz,100,25,62,3609
2026-06-25 17:04:52,mf,ford-fulkerson,macierz,100,25,63,4203
2026-06-25 17:04:52,mf,ford-fulkerson,macierz,100,25,64,2996
2026-06-25 17:04:52,mf,ford-fulkerson,macierz,100,25,65,5975
2026-06-25 17:04:52,mf,ford-fulkerson,macierz,100,25,66,2824
2026-06-25 17:04:52,mf,ford-fulkerson,macierz,100,25,67,2521
2026-06-25 17:04:52,mf,ford-fulkerson,macierz,100,25,avg,4431
2026-06-25 17:04:52,mf,ford-fulkerson,macierz,100,25,min,2275
2026-06-25 17:04:52,mf,ford-fulkerson,macierz,100,25,max,12427
2026-06-25 17:04:53,mf,ford-fulkerson,lista,100,50,1,3970
2026-06-25 17:04:53,mf,ford-fulkerson,lista,100,50,2,3262
2026-06-25 17:04:53,mf,ford-fulkerson,lista,100,50,3,1773
2026-06-25 17:04:53,mf,ford-fulkerson,lista,100,50,4,2175
2026-06-25 17:04:53,mf,ford-fulkerson,lista,100,50,5,2673
2026-06-25 17:04:53,mf,ford-fulkerson,lista,100,50,6,6817
2026-06-25 17:04:53,mf,ford-fulkerson,lista,100,50,7,2834
2026-06-25 17:04:53,mf,ford-fulkerson,lista,100,50,8,2924
2026-06-25 17:04:53,mf,ford-fulkerson,lista,100,50,9,3084
2026-06-25 17:04:53,mf,ford-fulkerson,lista,100,50,10,2256
2026-06-25 17:04:53,mf,ford-fulkerson,lista,100,50,11,10493
2026-06-25 17:04:53,mf,ford-fulkerson,lista,100,50,12,2126
2026-06-25 17:04:53,mf,ford-fulkerson,lista,100,50,13,2010
2026-06-25 17:04:53,mf,ford-fulkerson,lista,100,50,14,2778
2026-06-25 17:04:53,mf,ford-fulkerson,lista,100,50,15,2778
2026-06-25 17:04:53,mf,ford-fulkerson,lista,100,50,16,2327
2026-06-25 17:04:53,mf,ford-fulkerson,lista,100,50,17,2421
2026-06-25 17:04:53,mf,ford-fulkerson,lista,100,50,18,4085
2026-06-25 17:04:53,mf,ford-fulkerson,lista,100,50,19,5176
2026-06-25 17:04:53,mf,ford-fulkerson,lista,100,50,20,2781
2026-06-25 17:04:53,mf,ford-fulkerson,lista,100,50,21,3238
2026-06-25 17:04:53,mf,ford-fulkerson,lista,100,50,22,2708
2026-06-25 17:04:53,mf,ford-fulkerson,lista,100,50,23,3047
2026-06-25 17:04:53,mf,ford-fulkerson,lista,100,50,24,8383
2026-06-25 17:04:53,mf,ford-fulkerson,lista,100,50,25,2361
2026-06-25 17:04:53,mf,ford-fulkerson,lista,100,50,26,8142
2026-06-25 17:04:53,mf,ford-fulkerson,lista,100,50,27,3279
2026-06-25 17:04:53,mf,ford-fulkerson,lista,100,50,28,6655
2026-06-25 17:04:53,mf,ford-fulkerson,lista,100,50,29,2239
2026-06-25 17:04:53,mf,ford-fulkerson,lista,100,50,30,1880
2026-06-25 17:04:53,mf,ford-fulkerson,lista,100,50,31,11270
2026-06-25 17:04:53,mf,ford-fulkerson,lista,100,50,32,3262
2026-06-25 17:04:53,mf,ford-fulkerson,lista,100,50,33,2402
2026-06-25 17:04:53,mf,ford-fulkerson,lista,100,50,34,2273
2026-06-25 17:04:53,mf,ford-fulkerson,lista,100,50,35,2466
2026-06-25 17:04:53,mf,ford-fulkerson,lista,100,50,36,3571
2026-06-25 17:04:53,mf,ford-fulkerson,lista,100,50,37,3837
2026-06-25 17:04:53,mf,ford-fulkerson,lista,100,50,38,2573
2026-06-25 17:04:53,mf,ford-fulkerson,lista,100,50,39,4749
2026-06-25 17:04:53,mf,ford-fulkerson,lista,100,50,40,2426
2026-06-25 17:04:53,mf,ford-fulkerson,lista,100,50,41,2439
2026-06-25 17:04:53,mf,ford-fulkerson,lista,100,50,42,2694
2026-06-25 17:04:53,mf,ford-fulkerson,lista,100,50,43,2660
2026-06-25 17:04:53,mf,ford-fulkerson,lista,100,50,44,4124
2026-06-25 17:04:53,mf,ford-fulkerson,lista,100,50,45,2764
2026-06-25 17:04:53,mf,ford-fulkerson,lista,100,50,46,2013
2026-06-25 17:04:53,mf,ford-fulkerson,lista,100,50,47,7525
2026-06-25 17:04:53,mf,ford-fulkerson,lista,100,50,48,2383
2026-06-25 17:04:53,mf,ford-fulkerson,lista,100,50,49,4345
2026-06-25 17:04:53,mf,ford-fulkerson,lista,100,50,50,3295
2026-06-25 17:04:53,mf,ford-fulkerson,lista,100,50,51,2679
2026-06-25 17:04:53,mf,ford-fulkerson,lista,100,50,52,6607
2026-06-25 17:04:53,mf,ford-fulkerson,lista,100,50,53,3638
2026-06-25 17:04:53,mf,ford-fulkerson,lista,100,50,54,2322
2026-06-25 17:04:53,mf,ford-fulkerson,lista,100,50,55,3532
2026-06-25 17:04:53,mf,ford-fulkerson,lista,100,50,56,2943
2026-06-25 17:04:53,mf,ford-fulkerson,lista,100,50,57,3120
2026-06-25 17:04:53,mf,ford-fulkerson,lista,100,50,58,2572
2026-06-25 17:04:53,mf,ford-fulkerson,lista,100,50,59,2469
2026-06-25 17:04:53,mf,ford-fulkerson,lista,100,50,60,2175
2026-06-25 17:04:53,mf,ford-fulkerson,lista,100,50,61,2240
2026-06-25 17:04:53,mf,ford-fulkerson,lista,100,50,62,3065
2026-06-25 17:04:53,mf,ford-fulkerson,lista,100,50,63,2947
2026-06-25 17:04:53,mf,ford-fulkerson,lista,100,50,64,3352
2026-06-25 17:04:53,mf,ford-fulkerson,lista,100,50,65,2301
2026-06-25 17:04:53,mf,ford-fulkerson,lista,100,50,66,3424
2026-06-25 17:04:53,mf,ford-fulkerson,lista,100,50,67,2845
2026-06-25 17:04:53,mf,ford-fulkerson,lista,100,50,avg,3522
2026-06-25 17:04:53,mf,ford-fulkerson,lista,100,50,min,1773
2026-06-25 17:04:53,mf,ford-fulkerson,lista,100,50,max,11270
2026-06-25 17:04:53,mf,ford-fulkerson,macierz,100,50,1,5669
2026-06-25 17:04:53,mf,ford-fulkerson,macierz,100,50,2,9772
2026-06-25 17:04:53,mf,ford-fulkerson,macierz,100,50,3,10968
2026-06-25 17:04:53,mf,ford-fulkerson,macierz,100,50,4,6775
2026-06-25 17:04:53,mf,ford-fulkerson,macierz,100,50,5,7452
2026-06-25 17:04:53,mf,ford-fulkerson,macierz,100,50,6,11004
2026-06-25 17:04:53,mf,ford-fulkerson,macierz,100,50,7,9992
2026-06-25 17:04:53,mf,ford-fulkerson,macierz,100,50,8,7841
2026-06-25 17:04:53,mf,ford-fulkerson,macierz,100,50,9,7126
2026-06-25 17:04:53,mf,ford-fulkerson,macierz,100,50,10,13351
2026-06-25 17:04:53,mf,ford-fulkerson,macierz,100,50,11,5516
2026-06-25 17:04:53,mf,ford-fulkerson,macierz,100,50,12,7581
2026-06-25 17:04:53,mf,ford-fulkerson,macierz,100,50,13,7017
2026-06-25 17:04:53,mf,ford-fulkerson,macierz,100,50,14,8668
2026-06-25 17:04:53,mf,ford-fulkerson,macierz,100,50,15,5675
2026-06-25 17:04:53,mf,ford-fulkerson,macierz,100,50,16,9626
2026-06-25 17:04:53,mf,ford-fulkerson,macierz,100,50,17,11603
2026-06-25 17:04:53,mf,ford-fulkerson,macierz,100,50,18,9931
2026-06-25 17:04:53,mf,ford-fulkerson,macierz,100,50,19,7960
2026-06-25 17:04:53,mf,ford-fulkerson,macierz,100,50,20,7736
2026-06-25 17:04:53,mf,ford-fulkerson,macierz,100,50,21,8104
2026-06-25 17:04:53,mf,ford-fulkerson,macierz,100,50,22,10562
2026-06-25 17:04:53,mf,ford-fulkerson,macierz,100,50,23,6694
2026-06-25 17:04:53,mf,ford-fulkerson,macierz,100,50,24,7259
2026-06-25 17:04:53,mf,ford-fulkerson,macierz,100,50,25,7018
2026-06-25 17:04:53,mf,ford-fulkerson,macierz,100,50,26,9529
2026-06-25 17:04:53,mf,ford-fulkerson,macierz,100,50,27,10421
2026-06-25 17:04:53,mf,ford-fulkerson,macierz,100,50,28,6068
2026-06-25 17:04:53,mf,ford-fulkerson,macierz,100,50,29,12941
2026-06-25 17:04:53,mf,ford-fulkerson,macierz,100,50,30,8539
2026-06-25 17:04:53,mf,ford-fulkerson,macierz,100,50,31,10016
2026-06-25 17:04:53,mf,ford-fulkerson,macierz,100,50,32,5639
2026-06-25 17:04:53,mf,ford-fulkerson,macierz,100,50,33,11273
2026-06-25 17:04:53,mf,ford-fulkerson,macierz,100,50,34,9997
2026-06-25 17:04:53,mf,ford-fulkerson,macierz,100,50,35,7069
2026-06-25 17:04:53,mf,ford-fulkerson,macierz,100,50,36,8407
2026-06-25 17:04:53,mf,ford-fulkerson,macierz,100,50,37,10409
2026-06-25 17:04:53,mf,ford-fulkerson,macierz,100,50,38,8346
2026-06-25 17:04:53,mf,ford-fulkerson,macierz,100,50,39,6723
2026-06-25 17:04:53,mf,ford-fulkerson,macierz,100,50,40,11087
2026-06-25 17:04:53,mf,ford-fulkerson,macierz,100,50,41,11399
2026-06-25 17:04:53,mf,ford-fulkerson,macierz,100,50,42,9147
2026-06-25 17:04:53,mf,ford-fulkerson,macierz,100,50,43,7297
2026-06-25 17:04:53,mf,ford-fulkerson,macierz,100,50,44,7134
2026-06-25 17:04:53,mf,ford-fulkerson,macierz,100,50,45,6481
2026-06-25 17:04:53,mf,ford-fulkerson,macierz,100,50,46,8497
2026-06-25 17:04:53,mf,ford-fulkerson,macierz,100,50,47,6829
2026-06-25 17:04:53,mf,ford-fulkerson,macierz,100,50,48,8435
2026-06-25 17:04:53,mf,ford-fulkerson,macierz,100,50,49,10112
2026-06-25 17:04:53,mf,ford-fulkerson,macierz,100,50,50,7810
2026-06-25 17:04:53,mf,ford-fulkerson,macierz,100,50,51,10048
2026-06-25 17:04:53,mf,ford-fulkerson,macierz,100,50,52,12899
2026-06-25 17:04:53,mf,ford-fulkerson,macierz,100,50,53,13929
2026-06-25 17:04:53,mf,ford-fulkerson,macierz,100,50,54,7897
2026-06-25 17:04:53,mf,ford-fulkerson,macierz,100,50,55,8963
2026-06-25 17:04:53,mf,ford-fulkerson,macierz,100,50,56,10004
2026-06-25 17:04:53,mf,ford-fulkerson,macierz,100,50,57,10414
2026-06-25 17:04:53,mf,ford-fulkerson,macierz,100,50,58,7917
2026-06-25 17:04:53,mf,ford-fulkerson,macierz,100,50,59,8606
2026-06-25 17:04:53,mf,ford-fulkerson,macierz,100,50,60,8413
2026-06-25 17:04:53,mf,ford-fulkerson,macierz,100,50,61,6571
2026-06-25 17:04:53,mf,ford-fulkerson,macierz,100,50,62,9366
2026-06-25 17:04:53,mf,ford-fulkerson,macierz,100,50,63,8083
2026-06-25 17:04:53,mf,ford-fulkerson,macierz,100,50,64,8091
2026-06-25 17:04:53,mf,ford-fulkerson,macierz,100,50,65,6753
2026-06-25 17:04:53,mf,ford-fulkerson,macierz,100,50,66,8064
2026-06-25 17:04:53,mf,ford-fulkerson,macierz,100,50,67,10182
2026-06-25 17:04:53,mf,ford-fulkerson,macierz,100,50,avg,8756
2026-06-25 17:04:53,mf,ford-fulkerson,macierz,100,50,min,5516
2026-06-25 17:04:53,mf,ford-fulkerson,macierz,100,50,max,13929
2026-06-25 17:04:55,mf,ford-fulkerson,lista,100,75,1,18678
2026-06-25 17:04:55,mf,ford-fulkerson,lista,100,75,2,5390
2026-06-25 17:04:55,mf,ford-fulkerson,lista,100,75,3,3300
2026-06-25 17:04:55,mf,ford-fulkerson,lista,100,75,4,3019
2026-06-25 17:04:55,mf,ford-fulkerson,lista,100,75,5,7283
2026-06-25 17:04:55,mf,ford-fulkerson,lista,100,75,6,4980
2026-06-25 17:04:55,mf,ford-fulkerson,lista,100,75,7,4539
2026-06-25 17:04:55,mf,ford-fulkerson,lista,100,75,8,5143
2026-06-25 17:04:55,mf,ford-fulkerson,lista,100,75,9,8198
2026-06-25 17:04:55,mf,ford-fulkerson,lista,100,75,10,8726
2026-06-25 17:04:55,mf,ford-fulkerson,lista,100,75,11,4860
2026-06-25 17:04:55,mf,ford-fulkerson,lista,100,75,12,19299
2026-06-25 17:04:55,mf,ford-fulkerson,lista,100,75,13,5000
2026-06-25 17:04:55,mf,ford-fulkerson,lista,100,75,14,8493
2026-06-25 17:04:55,mf,ford-fulkerson,lista,100,75,15,11764
2026-06-25 17:04:55,mf,ford-fulkerson,lista,100,75,16,5607
2026-06-25 17:04:55,mf,ford-fulkerson,lista,100,75,17,9265
2026-06-25 17:04:55,mf,ford-fulkerson,lista,100,75,18,15937
2026-06-25 17:04:55,mf,ford-fulkerson,lista,100,75,19,3506
2026-06-25 17:04:55,mf,ford-fulkerson,lista,100,75,20,6508
2026-06-25 17:04:55,mf,ford-fulkerson,lista,100,75,21,3266
2026-06-25 17:04:55,mf,ford-fulkerson,lista,100,75,22,17381
2026-06-25 17:04:55,mf,ford-fulkerson,lista,100,75,23,3768
2026-06-25 17:04:55,mf,ford-fulkerson,lista,100,75,24,8484
2026-06-25 17:04:55,mf,ford-fulkerson,lista,100,75,25,5565
2026-06-25 17:04:55,mf,ford-fulkerson,lista,100,75,26,4476
2026-06-25 17:04:55,mf,ford-fulkerson,lista,100,75,27,5526
2026-06-25 17:04:55,mf,ford-fulkerson,lista,100,75,28,8295
2026-06-25 17:04:55,mf,ford-fulkerson,lista,100,75,29,5849
2026-06-25 17:04:55,mf,ford-fulkerson,lista,100,75,30,3888
2026-06-25 17:04:55,mf,ford-fulkerson,lista,100,75,31,5747
2026-06-25 17:04:55,mf,ford-fulkerson,lista,100,75,32,13292
2026-06-25 17:04:55,mf,ford-fulkerson,lista,100,75,33,3156
2026-06-25 17:04:55,mf,ford-fulkerson,lista,100,75,34,4937
2026-06-25 17:04:55,mf,ford-fulkerson,lista,100,75,35,6923
2026-06-25 17:04:55,mf,ford-fulkerson,lista,100,75,36,4656
2026-06-25 17:04:55,mf,ford-fulkerson,lista,100,75,37,7351
2026-06-25 17:04:55,mf,ford-fulkerson,lista,100,75,38,3915
2026-06-25 17:04:55,mf,ford-fulkerson,lista,100,75,39,3972
2026-06-25 17:04:55,mf,ford-fulkerson,lista,100,75,40,23243
2026-06-25 17:04:55,mf,ford-fulkerson,lista,100,75,41,2689
2026-06-25 17:04:55,mf,ford-fulkerson,lista,100,75,42,4264
2026-06-25 17:04:55,mf,ford-fulkerson,lista,100,75,43,12666
2026-06-25 17:04:55,mf,ford-fulkerson,lista,100,75,44,3582
2026-06-25 17:04:55,mf,ford-fulkerson,lista,100,75,45,3594
2026-06-25 17:04:55,mf,ford-fulkerson,lista,100,75,46,3466
2026-06-25 17:04:55,mf,ford-fulkerson,lista,100,75,47,3474
2026-06-25 17:04:55,mf,ford-fulkerson,lista,100,75,48,3056
2026-06-25 17:04:55,mf,ford-fulkerson,lista,100,75,49,9659
2026-06-25 17:04:55,mf,ford-fulkerson,lista,100,75,50,4037
2026-06-25 17:04:55,mf,ford-fulkerson,lista,100,75,51,5571
2026-06-25 17:04:55,mf,ford-fulkerson,lista,100,75,52,5480
2026-06-25 17:04:55,mf,ford-fulkerson,lista,100,75,53,8564
2026-06-25 17:04:55,mf,ford-fulkerson,lista,100,75,54,5653
2026-06-25 17:04:55,mf,ford-fulkerson,lista,100,75,55,5517
2026-06-25 17:04:55,mf,ford-fulkerson,lista,100,75,56,6210
2026-06-25 17:04:55,mf,ford-fulkerson,lista,100,75,57,4627
2026-06-25 17:04:55,mf,ford-fulkerson,lista,100,75,58,12553
2026-06-25 17:04:55,mf,ford-fulkerson,lista,100,75,59,4102
2026-06-25 17:04:55,mf,ford-fulkerson,lista,100,75,60,3678
2026-06-25 17:04:55,mf,ford-fulkerson,lista,100,75,61,3566
2026-06-25 17:04:55,mf,ford-fulkerson,lista,100,75,62,4776
2026-06-25 17:04:55,mf,ford-fulkerson,lista,100,75,63,5724
2026-06-25 17:04:55,mf,ford-fulkerson,lista,100,75,64,2912
2026-06-25 17:04:55,mf,ford-fulkerson,lista,100,75,65,3530
2026-06-25 17:04:55,mf,ford-fulkerson,lista,100,75,66,3405
2026-06-25 17:04:55,mf,ford-fulkerson,lista,100,75,67,4948
2026-06-25 17:04:55,mf,ford-fulkerson,lista,100,75,avg,6634
2026-06-25 17:04:55,mf,ford-fulkerson,lista,100,75,min,2689
2026-06-25 17:04:55,mf,ford-fulkerson,lista,100,75,max,23243
2026-06-25 17:04:55,mf,ford-fulkerson,macierz,100,75,1,30908
2026-06-25 17:04:55,mf,ford-fulkerson,macierz,100,75,2,26170
2026-06-25 17:04:55,mf,ford-fulkerson,macierz,100,75,3,27239
2026-06-25 17:04:55,mf,ford-fulkerson,macierz,100,75,4,16447
2026-06-25 17:04:55,mf,ford-fulkerson,macierz,100,75,5,21127
2026-06-25 17:04:55,mf,ford-fulkerson,macierz,100,75,6,27376
2026-06-25 17:04:55,mf,ford-fulkerson,macierz,100,75,7,33235
2026-06-25 17:04:55,mf,ford-fulkerson,macierz,100,75,8,18813
2026-06-25 17:04:55,mf,ford-fulkerson,macierz,100,75,9,12630
2026-06-25 17:04:55,mf,ford-fulkerson,macierz,100,75,10,31274
2026-06-25 17:04:55,mf,ford-fulkerson,macierz,100,75,11,58359
2026-06-25 17:04:55,mf,ford-fulkerson,macierz,100,75,12,49231
2026-06-25 17:04:55,mf,ford-fulkerson,macierz,100,75,13,24142
2026-06-25 17:04:55,mf,ford-fulkerson,macierz,100,75,14,10487
2026-06-25 17:04:55,mf,ford-fulkerson,macierz,100,75,15,24824
2026-06-25 17:04:55,mf,ford-fulkerson,macierz,100,75,16,10194
2026-06-25 17:04:55,mf,ford-fulkerson,macierz,100,75,17,32667
2026-06-25 17:04:55,mf,ford-fulkerson,macierz,100,75,18,13660
2026-06-25 17:04:55,mf,ford-fulkerson,macierz,100,75,19,29036
2026-06-25 17:04:55,mf,ford-fulkerson,macierz,100,75,20,9744
2026-06-25 17:04:55,mf,ford-fulkerson,macierz,100,75,21,19147
2026-06-25 17:04:55,mf,ford-fulkerson,macierz,100,75,22,23848
2026-06-25 17:04:55,mf,ford-fulkerson,macierz,100,75,23,18072
2026-06-25 17:04:55,mf,ford-fulkerson,macierz,100,75,24,12965
2026-06-25 17:04:55,mf,ford-fulkerson,macierz,100,75,25,13547
2026-06-25 17:04:55,mf,ford-fulkerson,macierz,100,75,26,9760
2026-06-25 17:04:55,mf,ford-fulkerson,macierz,100,75,27,14577
2026-06-25 17:04:55,mf,ford-fulkerson,macierz,100,75,28,15878
2026-06-25 17:04:55,mf,ford-fulkerson,macierz,100,75,29,10806
2026-06-25 17:04:55,mf,ford-fulkerson,macierz,100,75,30,10771
2026-06-25 17:04:55,mf,ford-fulkerson,macierz,100,75,31,10763
2026-06-25 17:04:55,mf,ford-fulkerson,macierz,100,75,32,30063
2026-06-25 17:04:55,mf,ford-fulkerson,macierz,100,75,33,43811
2026-06-25 17:04:55,mf,ford-fulkerson,macierz,100,75,34,16077
2026-06-25 17:04:55,mf,ford-fulkerson,macierz,100,75,35,25697
2026-06-25 17:04:55,mf,ford-fulkerson,macierz,100,75,36,41368
2026-06-25 17:04:55,mf,ford-fulkerson,macierz,100,75,37,44435
2026-06-25 17:04:55,mf,ford-fulkerson,macierz,100,75,38,19489
2026-06-25 17:04:55,mf,ford-fulkerson,macierz,100,75,39,52039
2026-06-25 17:04:55,mf,ford-fulkerson,macierz,100,75,40,8777
2026-06-25 17:04:55,mf,ford-fulkerson,macierz,100,75,41,9403
2026-06-25 17:04:55,mf,ford-fulkerson,macierz,100,75,42,20032
2026-06-25 17:04:55,mf,ford-fulkerson,macierz,100,75,43,16421
2026-06-25 17:04:55,mf,ford-fulkerson,macierz,100,75,44,16715
2026-06-25 17:04:55,mf,ford-fulkerson,macierz,100,75,45,10819
2026-06-25 17:04:55,mf,ford-fulkerson,macierz,100,75,46,9106
2026-06-25 17:04:55,mf,ford-fulkerson,macierz,100,75,47,10030
2026-06-25 17:04:55,mf,ford-fulkerson,macierz,100,75,48,12258
2026-06-25 17:04:55,mf,ford-fulkerson,macierz,100,75,49,11625
2026-06-25 17:04:55,mf,ford-fulkerson,macierz,100,75,50,15437
2026-06-25 17:04:55,mf,ford-fulkerson,macierz,100,75,51,10449
2026-06-25 17:04:55,mf,ford-fulkerson,macierz,100,75,52,15136
2026-06-25 17:04:55,mf,ford-fulkerson,macierz,100,75,53,10818
2026-06-25 17:04:55,mf,ford-fulkerson,macierz,100,75,54,10805
2026-06-25 17:04:55,mf,ford-fulkerson,macierz,100,75,55,18137
2026-06-25 17:04:55,mf,ford-fulkerson,macierz,100,75,56,15024
2026-06-25 17:04:55,mf,ford-fulkerson,macierz,100,75,57,10718
2026-06-25 17:04:55,mf,ford-fulkerson,macierz,100,75,58,8478
2026-06-25 17:04:55,mf,ford-fulkerson,macierz,100,75,59,17588
2026-06-25 17:04:55,mf,ford-fulkerson,macierz,100,75,60,8604
2026-06-25 17:04:55,mf,ford-fulkerson,macierz,100,75,61,9701
2026-06-25 17:04:55,mf,ford-fulkerson,macierz,100,75,62,9395
2026-06-25 17:04:55,mf,ford-fulkerson,macierz,100,75,63,8806
2026-06-25 17:04:55,mf,ford-fulkerson,macierz,100,75,64,15194
2026-06-25 17:04:55,mf,ford-fulkerson,macierz,100,75,65,10585
2026-06-25 17:04:55,mf,ford-fulkerson,macierz,100,75,66,20985
2026-06-25 17:04:55,mf,ford-fulkerson,macierz,100,75,67,11802
2026-06-25 17:04:55,mf,ford-fulkerson,macierz,100,75,avg,19306
2026-06-25 17:04:55,mf,ford-fulkerson,macierz,100,75,min,8478
2026-06-25 17:04:55,mf,ford-fulkerson,macierz,100,75,max,58359
